<annotation>
	<folder>motorcycle</folder>
	<filename>2.jpg</filename>
	<path>C:\Users\gusta\Documents\Maix Bit\Bryan\Object _Detection\224x224x3\motorcycle\2.jpg</path>
	<source>
		<database>Unknown</database>
	</source>
	<size>
		<width>224</width>
		<height>224</height>
		<depth>3</depth>
	</size>
	<segmented>0</segmented>
	<object>
		<name>motorcycle</name>
		<pose>Unspecified</pose>
		<truncated>0</truncated>
		<difficult>0</difficult>
		<bndbox>
			<xmin>83</xmin>
			<ymin>88</ymin>
			<xmax>154</xmax>
			<ymax>218</ymax>
		</bndbox>
	</object>
	<object>
		<name>motorcycle</name>
		<pose>Unspecified</pose>
		<truncated>0</truncated>
		<difficult>0</difficult>
		<bndbox>
			<xmin>23</xmin>
			<ymin>53</ymin>
			<xmax>75</xmax>
			<ymax>155</ymax>
		</bndbox>
	</object>
	<object>
		<name>motorcycle</name>
		<pose>Unspecified</pose>
		<truncated>0</truncated>
		<difficult>0</difficult>
		<bndbox>
			<xmin>159</xmin>
			<ymin>86</ymin>
			<xmax>197</xmax>
			<ymax>150</ymax>
		</bndbox>
	</object>
</annotation>
