<annotation>
	<folder>motorcycle</folder>
	<filename>26.jpg</filename>
	<path>C:\Users\gusta\Documents\Maix Bit\Bryan\Object _Detection\224x224x3\motorcycle\26.jpg</path>
	<source>
		<database>Unknown</database>
	</source>
	<size>
		<width>224</width>
		<height>224</height>
		<depth>3</depth>
	</size>
	<segmented>0</segmented>
	<object>
		<name>motorcycle</name>
		<pose>Unspecified</pose>
		<truncated>1</truncated>
		<difficult>0</difficult>
		<bndbox>
			<xmin>4</xmin>
			<ymin>51</ymin>
			<xmax>224</xmax>
			<ymax>223</ymax>
		</bndbox>
	</object>
</annotation>
