<annotation>
	<folder>JPEG</folder>
	<filename>108.jpg</filename>
	<path>C:\Users\gusta\Documents\Maix Bit\Bryan\Treinamento2\Dimensionando carro e moto\car\JPEG\108.jpg</path>
	<source>
		<database>Unknown</database>
	</source>
	<size>
		<width>224</width>
		<height>224</height>
		<depth>3</depth>
	</size>
	<segmented>0</segmented>
	<object>
		<name>car</name>
		<pose>Unspecified</pose>
		<truncated>1</truncated>
		<difficult>0</difficult>
		<bndbox>
			<xmin>1</xmin>
			<ymin>67</ymin>
			<xmax>32</xmax>
			<ymax>121</ymax>
		</bndbox>
	</object>
</annotation>
